rok;pkd;liczba_upadlosci
2018;0111Z;6
2018;0113Z;4
2018;0119Z;2
2018;0124Z;1
2018;0129Z;1
2018;0130Z;1
2018;0141Z;3
2018;0147Z;2
2018;0149Z;1
2018;0150Z;9
2018;0161Z;4
2018;0210Z;1
2018;0220Z;3
2018;0240Z;1
2018;0811Z;3
2018;0812Z;3
2018;0990Z;1
2018;1011Z;2
2018;1013Z;10
2018;1020Z;1
2018;1032Z;2
2018;1039Z;3
2018;1051Z;4
2018;1052Z;2
2018;1071Z;18
2018;1073Z;2
2018;1082Z;3
2018;1083Z;1
2018;1085Z;2
2018;1089Z;2
2018;1091Z;2
2018;1101Z;2
2018;1107Z;2
2018;1310D;1
2018;1330Z;1
2018;1392Z;5
2018;1393Z;1
2018;1394Z;1
2018;1396Z;1
2018;1399Z;2
2018;1411Z;1
2018;1413Z;17
2018;1414Z;1
2018;1512Z;2
2018;1520Z;3
2018;1610Z;13
2018;1622Z;1
2018;1623Z;4
2018;1629Z;8
2018;1721Z;3
2018;1723Z;1
2018;1812Z;10
2018;1820Z;5
2018;1920Z;2
2018;2013Z;2
2018;2014Z;1
2018;2015Z;2
2018;2016Z;1
2018;2041Z;1
2018;2042Z;2
2018;2059Z;3
2018;2110Z;3
2018;2120Z;2
2018;2211Z;2
2018;2221Z;3
2018;2222Z;7
2018;2223Z;11
2018;2229Z;2
2018;2312Z;3
2018;2313Z;5
2018;2332Z;1
2018;2341Z;1
2018;2351Z;1
2018;2361Z;4
2018;2363Z;1
2018;2370Z;6
2018;2399Z;2
2018;2442A;1
2018;2442B;2
2018;2451Z;2
2018;2511Z;14
2018;2512Z;6
2018;2520Z;1
2018;2521Z;2
2018;2529Z;2
2018;2550Z;3
2018;2561Z;8
2018;2562Z;11
2018;2572Z;1
2018;2573Z;2
2018;2593Z;1
2018;2599Z;2
2018;2611Z;3
2018;2620Z;2
2018;2630Z;2
2018;2640Z;1
2018;2651Z;1
2018;2712Z;3
2018;2720Z;1
2018;2740Z;2
2018;2811Z;1
2018;2813Z;1
2018;2821Z;1
2018;2822Z;2
2018;2823Z;1
2018;2825Z;4
2018;2829Z;3
2018;2830Z;1
2018;2892Z;1
2018;2893Z;3
2018;2899Z;4
2018;2910C;2
2018;2910D;3
2018;2932Z;1
2018;3011Z;3
2018;3012Z;1
2018;3030Z;1
2018;3092Z;1
2018;3099Z;1
2018;3101Z;5
2018;3102Z;3
2018;3103Z;1
2018;3109Z;14
2018;3212Z;1
2018;3230Z;2
2018;3250Z;1
2018;3299Z;4
2018;3311Z;2
2018;3312Z;16
2018;3313Z;2
2018;3314Z;1
2018;3315Z;2
2018;3317Z;2
2018;3319Z;1
2018;3320Z;1
2018;3511Z;13
2018;3514Z;8
2018;3530Z;2
2018;3600Z;1
2018;3700Z;1
2018;3811Z;3
2018;3821Z;3
2018;3822Z;1
2018;3831Z;1
2018;3832Z;7
2018;3900Z;1
2018;4110Z;64
2018;4120Z;103
2018;4211Z;30
2018;4212Z;2
2018;4213Z;4
2018;4221Z;19
2018;4222Z;8
2018;4291Z;8
2018;4299Z;8
2018;4311Z;1
2018;4312Z;1
2018;4321Z;30
2018;4322Z;30
2018;4322z;1
2018;4329Z;3
2018;4331Z;1
2018;4332Z;3
2018;4333Z;4
2018;4339Z;8
2018;4391Z;2
2018;4399Z;15
2018;4511Z;19
2018;4519Z;4
2018;4520Z;18
2018;4531Z;7
2018;4532Z;3
2018;4613Z;1
2018;4614Z;1
2018;4615Z;1
2018;4616Z;2
2018;4617Z;4
2018;4618Z;3
2018;4619Z;5
2018;4621Z;7
2018;4623Z;2
2018;4631Z;14
2018;4632Z;7
2018;4633Z;1
2018;4634A;3
2018;4634B;3
2018;4635Z;1
2018;4636Z;1
2018;4638Z;5
2018;4639Z;9
2018;4641Z;6
2018;4642Z;15
2018;4643Z;10
2018;4644Z;4
2018;4645Z;6
2018;4646Z;7
2018;4647Z;3
2018;4649Z;5
2018;4651Z;5
2018;4652Z;5
2018;4661Z;4
2018;4662Z;1
2018;4663Z;1
2018;4665Z;1
2018;4669Z;6
2018;4671Z;19
2018;4672Z;4
2018;4673Z;28
2018;4674Z;6
2018;4675Z;5
2018;4676Z;3
2018;4677Z;2
2018;4690Z;51
2018;4711Z;42
2018;4719Z;7
2018;4721Z;2
2018;4722Z;3
2018;4723Z;1
2018;4724Z;2
2018;4725Z;4
2018;4729Z;1
2018;4730Z;4
2018;4741Z;1
2018;4743Z;3
2018;4752Z;6
2018;4754Z;2
2018;4759Z;5
2018;4761Z;2
2018;4762Z;2
2018;4764Z;8
2018;4765Z;2
2018;4771Z;19
2018;4772Z;7
2018;4773Z;29
2018;4774Z;2
2018;4776Z;3
2018;4777Z;3
2018;4778Z;1
2018;4779Z;1
2018;4791Z;18
2018;4799Z;6
2018;4920Z;1
2018;4931Z;4
2018;4932Z;4
2018;4939Z;6
2018;4941Z;71
2018;4961z;1
2018;5110Z;2
2018;5210B;4
2018;5223Z;1
2018;5229C;15
2018;5320Z;4
2018;5510Z;15
2018;5520Z;4
2018;5610A;39
2018;5610a;1
2018;5621Z;1
2018;5630Z;1
2018;5811Z;2
2018;5812Z;1
2018;5813Z;1
2018;5814Z;1
2018;5819Z;4
2018;5829Z;2
2018;5911Z;5
2018;5913Z;1
2018;5920Z;1
2018;6020Z;2
2018;6110Z;3
2018;6120Z;4
2018;6130Z;1
2018;6190Z;2
2018;6201Z;16
2018;6202Z;6
2018;6209Z;3
2018;6311Z;8
2018;6312Z;13
2018;6399Z;1
2018;6419Z;12
2018;6420Z;5
2018;6430Z;4
2018;6491Z;1
2018;6492Z;4
2018;6499Z;7
2018;6619Z;7
2018;6621Z;1
2018;6622Z;9
2018;6630Z;3
2018;6810Z;21
2018;6820Z;53
2018;6831Z;5
2018;6832Z;1
2018;6910Z;2
2018;6920Z;11
2018;7010Z;6
2018;7021Z;5
2018;7022Z;27
2018;7111Z;12
2018;7112Z;17
2018;7120B;2
2018;7219Z;4
2018;7311Z;20
2018;7320Z;1
2018;7410Z;4
2018;7420Z;1
2018;7490Z;6
2018;7500Z;2
2018;7711Z;1
2018;7721Z;1
2018;7731Z;1
2018;7732Z;1
2018;7739Z;3
2018;7810Z;3
2018;7820Z;5
2018;7830Z;4
2018;7911A;2
2018;7911B;1
2018;7912Z;4
2018;7990C;1
2018;8010Z;6
2018;8020Z;1
2018;8121Z;4
2018;8122Z;2
2018;8130Z;6
2018;8211Z;5
2018;8220Z;2
2018;8230Z;3
2018;8291Z;1
2018;8292Z;2
2018;8299Z;3
2018;8510Z;1
2018;8551Z;1
2018;8552Z;1
2018;8553Z;1
2018;8559B;2
2018;8610Z;6
2018;8621Z;2
2018;8622Z;5
2018;8623Z;4
2018;8690A;2
2018;8690B;4
2018;8690D;1
2018;8690E;4
2018;8810Z;3
2018;8891Z;1
2018;8899Z;1
2018;9001Z;1
2018;9002Z;1
2018;9003Z;1
2018;9004Z;1
2018;9103Z;5
2018;9200Z;2
2018;9311Z;2
2018;9312Z;4
2018;9313Z;1
2018;9319Z;4
2018;9329Z;3
2018;9411Z;2
2018;9499Z;11
2018;9601Z;2
2018;9602Z;5
2018;9604Z;2
2018;9609Z;8
2019;0111Z;4
2019;0113Z;1
2019;0119Z;1
2019;0141Z;4
2019;0150Z;13
2019;0161Z;4
2019;0162Z;1
2019;0163Z;2
2019;0811Z;3
2019;0990Z;2
2019;1011Z;6
2019;1012Z;1
2019;1013Z;5
2019;1020Z;1
2019;1032Z;1
2019;1039Z;3
2019;1041Z;1
2019;1061Z;1
2019;1071Z;8
2019;1082Z;1
2019;1084Z;1
2019;1085Z;2
2019;1086Z;1
2019;1089Z;1
2019;1092Z;1
2019;1101Z;3
2019;1105Z;1
2019;1107Z;3
2019;1310D;3
2019;1312A;1
2019;1330Z;1
2019;1391Z;3
2019;1392Z;2
2019;1413Z;10
2019;1414Z;1
2019;1439Z;1
2019;1511Z;1
2019;1512Z;1
2019;1520Z;3
2019;1610Z;4
2019;1622Z;1
2019;1623Z;1
2019;1624Z;1
2019;1629Z;2
2019;1721Z;5
2019;1722Z;1
2019;1729Z;1
2019;1811Z;1
2019;1812Z;2
2019;2013Z;2
2019;2015Z;1
2019;2016Z;2
2019;2042Z;1
2019;2052Z;1
2019;2110Z;1
2019;2120Z;1
2019;2211Z;1
2019;2219Z;1
2019;2222Z;2
2019;2223Z;6
2019;2229Z;5
2019;2312Z;1
2019;2331Z;2
2019;2361Z;1
2019;2363Z;1
2019;2370Z;3
2019;2399Z;1
2019;2410Z;1
2019;2452Z;2
2019;2511Z;19
2019;2512Z;7
2019;2521Z;1
2019;2529Z;2
2019;2550Z;2
2019;2561Z;1
2019;2562Z;9
2019;2572Z;1
2019;2594Z;1
2019;2599Z;2
2019;2630Z;1
2019;2651Z;1
2019;2711Z;1
2019;2712Z;1
2019;2740Z;2
2019;2811Z;1
2019;2812Z;1
2019;2821Z;1
2019;2822Z;2
2019;2825Z;1
2019;2829Z;3
2019;2830Z;1
2019;2891Z;1
2019;2893Z;3
2019;2899Z;3
2019;2920Z;2
2019;2932Z;1
2019;3012Z;1
2019;3020Z;2
2019;3101Z;2
2019;3102Z;3
2019;3109Z;9
2019;3240Z;2
2019;3250Z;1
2019;3299Z;2
2019;3311Z;1
2019;3312Z;3
2019;3313Z;1
2019;3314Z;2
2019;3317Z;1
2019;3319Z;2
2019;3320Z;5
2019;3511Z;5
2019;3513Z;1
2019;3514Z;1
2019;3700Z;2
2019;3811Z;4
2019;3821Z;1
2019;3831Z;1
2019;3832Z;4
2019;4110Z;22
2019;4120Z;65
2019;4211Z;14
2019;4212Z;3
2019;4213Z;2
2019;4221Z;4
2019;4222Z;4
2019;4291Z;5
2019;4299Z;2
2019;4311Z;3
2019;4312Z;1
2019;4321Z;17
2019;4322Z;14
2019;4329Z;3
2019;4331Z;5
2019;4332Z;3
2019;4339Z;8
2019;4391Z;5
2019;4399Z;13
2019;4511Z;8
2019;4519Z;1
2019;4520Z;11
2019;4531Z;5
2019;4532Z;4
2019;4540Z;1
2019;4612Z;1
2019;4614Z;2
2019;4615Z;2
2019;4616Z;2
2019;4617Z;5
2019;4618Z;2
2019;4619Z;8
2019;4621Z;5
2019;4623Z;1
2019;4631Z;5
2019;4632Z;2
2019;4633Z;3
2019;4634A;4
2019;4634B;1
2019;4636Z;3
2019;4638Z;1
2019;4639Z;2
2019;4641Z;5
2019;4642Z;8
2019;4643Z;1
2019;4644Z;1
2019;4645Z;1
2019;4646Z;3
2019;4647Z;1
2019;4649Z;3
2019;4651Z;1
2019;4652Z;7
2019;4661Z;4
2019;4663Z;1
2019;4666Z;1
2019;4669Z;4
2019;4671Z;10
2019;4672Z;9
2019;4673Z;15
2019;4674Z;3
2019;4675Z;3
2019;4676Z;1
2019;4677Z;4
2019;4690Z;26
2019;4711Z;33
2019;4719Z;4
2019;4724Z;2
2019;4725Z;3
2019;4726Z;2
2019;4729Z;2
2019;4730Z;4
2019;4741Z;4
2019;4743Z;1
2019;4749Z;1
2019;4752Z;2
2019;4759Z;5
2019;4764Z;4
2019;4771Z;5
2019;4772Z;3
2019;4773Z;8
2019;4774Z;2
2019;4775Z;2
2019;4776Z;2
2019;4778Z;4
2019;4779Z;2
2019;4789Z;1
2019;4791Z;16
2019;4799Z;3
2019;4920Z;1
2019;4931Z;5
2019;4932Z;6
2019;4939Z;3
2019;4941Z;54
2019;5210B;2
2019;5221Z;1
2019;5224C;1
2019;5229C;9
2019;5229Z;1
2019;5320Z;5
2019;5510Z;9
2019;5610A;20
2019;5621Z;3
2019;5629Z;4
2019;5630Z;3
2019;5811Z;2
2019;5814Z;1
2019;5829Z;1
2019;5911Z;2
2019;6120Z;2
2019;6190Z;1
2019;6201Z;7
2019;6202Z;4
2019;6203Z;2
2019;6209Z;4
2019;6311Z;4
2019;6312Z;7
2019;6399Z;2
2019;6419Z;9
2019;6420Z;1
2019;6491Z;1
2019;6492Z;2
2019;6499Z;10
2019;6611Z;1
2019;6612Z;1
2019;6619Z;8
2019;6622Z;4
2019;6629Z;2
2019;6630Z;1
2019;6810Z;13
2019;6820Z;17
2019;6831Z;4
2019;6832Z;3
2019;6839Z;1
2019;6910Z;2
2019;6920Z;6
2019;7010Z;7
2019;7021Z;4
2019;7022Z;35
2019;7111Z;5
2019;7112Z;12
2019;7120B;2
2019;7219Z;2
2019;7311Z;8
2019;7410Z;7
2019;7490Z;1
2019;7711Z;2
2019;7731Z;1
2019;7732Z;1
2019;7810Z;5
2019;7820Z;4
2019;7830Z;2
2019;7912Z;5
2019;8010Z;9
2019;8020Z;1
2019;8110Z;2
2019;8121Z;3
2019;8122Z;4
2019;8130Z;2
2019;8211Z;9
2019;8220Z;5
2019;8299Z;2
2019;8510Z;2
2019;8520Z;1
2019;8552Z;1
2019;8559B;3
2019;8560Z;2
2019;8610Z;3
2019;8621Z;1
2019;8622Z;4
2019;8623Z;5
2019;8690A;1
2019;8690C;2
2019;8690E;4
2019;8710Z;1
2019;8810Z;3
2019;8891Z;2
2019;9001Z;1
2019;9103Z;1
2019;9313Z;2
2019;9319Z;1
2019;9329Z;3
2019;9499Z;7
2019;9511Z;1
2019;9529Z;1
2019;9602Z;8
2019;9603Z;2
2019;9604Z;1
2019;9609Z;1
2020;0111Z;5
2020;0113Z;2
2020;0119Z;1
2020;0124Z;1
2020;0141Z;2
2020;0142Z;1
2020;0146Z;1
2020;0147Z;1
2020;0150Z;31
2020;0161Z;5
2020;0162Z;3
2020;0240Z;1
2020;0322Z;1
2020;0510Z;1
2020;0812Z;1
2020;1011Z;7
2020;1012Z;3
2020;1020Z;2
2020;1031Z;1
2020;1051Z;1
2020;1061Z;1
2020;1071Z;5
2020;1073Z;1
2020;1091Z;1
2020;1105Z;1
2020;1107Z;1
2020;1310C;1
2020;1320D;1
2020;1392Z;1
2020;1395Z;1
2020;1412Z;1
2020;1413Z;9
2020;1419Z;3
2020;1520Z;1
2020;1610Z;4
2020;1621Z;1
2020;1623Z;6
2020;1624Z;1
2020;1629Z;4
2020;1721Z;2
2020;1722Z;1
2020;1723Z;1
2020;1729Z;2
2020;1812Z;6
2020;1813Z;1
2020;1920Z;1
2020;2014Z;1
2020;2015Z;1
2020;2030Z;1
2020;2042Z;1
2020;2059Z;1
2020;2110Z;2
2020;2120Z;1
2020;2219Z;1
2020;2221Z;1
2020;2222Z;4
2020;2229Z;1
2020;2332Z;1
2020;2349Z;1
2020;2361Z;5
2020;2370Z;2
2020;2399Z;4
2020;2420Z;1
2020;2433Z;1
2020;2452Z;1
2020;2511Z;14
2020;2512Z;4
2020;2521Z;3
2020;2550Z;1
2020;2561Z;4
2020;2562Z;5
2020;2573Z;1
2020;2591Z;1
2020;2599Z;1
2020;2620Z;1
2020;2712Z;2
2020;2740Z;3
2020;2790Z;1
2020;2825Z;1
2020;2829Z;1
2020;2891Z;1
2020;2892Z;1
2020;2899Z;3
2020;2920Z;2
2020;2931Z;1
2020;3030Z;1
2020;3092Z;1
2020;3101Z;2
2020;3102Z;1
2020;3109Z;1
2020;3213Z;1
2020;3230Z;1
2020;3240Z;1
2020;3250Z;1
2020;3311Z;1
2020;3312Z;5
2020;3315Z;2
2020;3320Z;5
2020;3511Z;5
2020;3514Z;1
2020;3700Z;1
2020;3811Z;2
2020;3821Z;1
2020;3822Z;1
2020;3831Z;1
2020;3832Z;2
2020;4110Z;23
2020;4120Z;30
2020;4211Z;6
2020;4212Z;2
2020;4213Z;1
2020;4221Z;2
2020;4222Z;1
2020;4291Z;1
2020;4311Z;1
2020;4312Z;2
2020;4321Z;11
2020;4322Z;13
2020;4329Z;1
2020;4331Z;1
2020;4332Z;4
2020;4334Z;2
2020;4339Z;3
2020;4399Z;7
2020;4511Z;7
2020;4519Z;4
2020;4520Z;9
2020;4531Z;7
2020;4532Z;2
2020;4540Z;1
2020;4613Z;3
2020;4614Z;2
2020;4616Z;2
2020;4617Z;2
2020;4618Z;2
2020;4619Z;6
2020;4621Z;3
2020;4623Z;2
2020;4631Z;3
2020;4632Z;2
2020;4634A;1
2020;4634B;1
2020;4636Z;1
2020;4637Z;1
2020;4639Z;1
2020;4641Z;2
2020;4642Z;6
2020;4643Z;2
2020;4645Z;1
2020;4646Z;4
2020;4649Z;1
2020;4651Z;2
2020;4652Z;3
2020;4665Z;2
2020;4669Z;2
2020;4671Z;8
2020;4673Z;7
2020;4674Z;6
2020;4675Z;4
2020;4677Z;2
2020;4690Z;10
2020;4711Z;25
2020;4719Z;6
2020;4724Z;1
2020;4726Z;1
2020;4729Z;1
2020;4730Z;1
2020;4741Z;2
2020;4751Z;1
2020;4752Z;2
2020;4759Z;5
2020;4761Z;1
2020;4762Z;3
2020;4764Z;2
2020;4771Z;10
2020;4772Z;2
2020;4773Z;6
2020;4775Z;1
2020;4776Z;2
2020;4777Z;1
2020;4778Z;3
2020;4791Z;18
2020;4799Z;5
2020;4932Z;3
2020;4939Z;8
2020;4941Z;53
2020;5210B;2
2020;5221Z;4
2020;5222A;1
2020;5224C;1
2020;5229C;5
2020;5320Z;2
2020;5510Z;12
2020;5520Z;5
2020;5610A;31
2020;5610B;1
2020;5621Z;6
2020;5630Z;2
2020;5811Z;1
2020;5813Z;1
2020;5814Z;1
2020;5819Z;1
2020;5821Z;2
2020;5911Z;1
2020;5913Z;1
2020;6110Z;3
2020;6201Z;19
2020;6202Z;3
2020;6209Z;2
2020;6311Z;4
2020;6312Z;5
2020;6399Z;2
2020;6419Z;5
2020;6420Z;1
2020;6491Z;1
2020;6492Z;5
2020;6499Z;7
2020;6619Z;4
2020;6621Z;1
2020;6622Z;4
2020;6810Z;8
2020;6819Z;1
2020;6820Z;22
2020;6831Z;2
2020;6910Z;5
2020;6920Z;6
2020;7010Z;10
2020;7021Z;1
2020;7022Z;25
2020;7111Z;8
2020;7112Z;15
2020;7120B;1
2020;7219Z;2
2020;7311Z;18
2020;7320Z;1
2020;7410Z;2
2020;7490Z;3
2020;7500Z;2
2020;7711Z;1
2020;7721Z;1
2020;7722Z;1
2020;7733Z;1
2020;7739Z;2
2020;7740Z;1
2020;7810Z;4
2020;7820Z;4
2020;7830Z;4
2020;7911A;1
2020;7912Z;4
2020;8010Z;3
2020;8122Z;1
2020;8130Z;3
2020;8211Z;2
2020;8220Z;2
2020;8230Z;2
2020;8291Z;2
2020;8292Z;1
2020;8299Z;3
2020;8510Z;2
2020;8520Z;4
2020;8541A;1
2020;8551Z;1
2020;8559A;1
2020;8559B;10
2020;8560Z;1
2020;8610Z;3
2020;8621Z;5
2020;8622Z;6
2020;8623Z;2
2020;8690A;2
2020;8690C;1
2020;8690D;4
2020;8690E;1
2020;8730Z;2
2020;8810Z;1
2020;8891Z;1
2020;9003Z;1
2020;9311Z;1
2020;9312Z;3
2020;9313Z;5
2020;9319Z;1
2020;9321Z;1
2020;9329Z;2
2020;9411Z;1
2020;9499Z;3
2020;9521Z;1
2020;9529Z;1
2020;9601Z;1
2020;9602Z;3
2020;9609Z;3
2021;0111Z;16
2021;0113Z;3
2021;0115Z;1
2021;0119Z;1
2021;0124Z;1
2021;0141Z;8
2021;0142Z;7
2021;0146Z;5
2021;0147Z;8
2021;0149Z;2
2021;0150Z;106
2021;0161Z;9
2021;0163Z;1
2021;0240Z;1
2021;0510Z;1
2021;0610Z;1
2021;0811Z;1
2021;0990Z;1
2021;1011Z;5
2021;1013Z;1
2021;1020Z;1
2021;1039Z;2
2021;1041Z;1
2021;1051Z;1
2021;1061Z;1
2021;1071Z;9
2021;1073Z;2
2021;1082Z;1
2021;1089Z;1
2021;1091Z;1
2021;1310A;1
2021;1330Z;1
2021;1392Z;3
2021;1412Z;2
2021;1413Z;5
2021;1520Z;2
2021;1610Z;1
2021;1623Z;4
2021;1624Z;1
2021;1629Z;4
2021;1721Z;4
2021;1723Z;1
2021;1812Z;3
2021;1920Z;1
2021;2015Z;1
2021;2041Z;1
2021;2059Z;2
2021;2219Z;1
2021;2221Z;3
2021;2222Z;4
2021;2223Z;3
2021;2229Z;2
2021;2319Z;1
2021;2361Z;1
2021;2364Z;1
2021;2369Z;1
2021;2370Z;2
2021;2399Z;1
2021;2433Z;1
2021;2511Z;9
2021;2512Z;1
2021;2521Z;1
2021;2540Z;1
2021;2550Z;1
2021;2561Z;2
2021;2562Z;13
2021;2591Z;1
2021;2599Z;3
2021;2611Z;1
2021;2620Z;1
2021;2670Z;1
2021;2733Z;1
2021;2740Z;1
2021;2815Z;1
2021;2822Z;1
2021;2892Z;3
2021;2893Z;1
2021;2899Z;3
2021;2910A;1
2021;3011Z;2
2021;3020Z;1
2021;3091Z;1
2021;3101Z;4
2021;3102Z;2
2021;3109Z;2
2021;3240Z;1
2021;3250Z;2
2021;3299Z;1
2021;3312Z;4
2021;3314Z;2
2021;3315Z;1
2021;3317Z;1
2021;3320Z;6
2021;3511Z;4
2021;3530Z;2
2021;3700Z;1
2021;3821Z;2
2021;3831Z;1
2021;3832Z;3
2021;3900Z;2
2021;4110Z;31
2021;4120Z;42
2021;4211Z;7
2021;4221Z;6
2021;4222Z;2
2021;4311Z;5
2021;4312Z;1
2021;4321Z;10
2021;4322Z;11
2021;4329Z;1
2021;4332Z;3
2021;4333Z;1
2021;4339Z;3
2021;4391Z;2
2021;4399Z;7
2021;4511Z;9
2021;4519Z;2
2021;4520Z;11
2021;4531Z;3
2021;4532Z;3
2021;4540Z;1
2021;4611Z;1
2021;4612Z;1
2021;4613Z;3
2021;4614Z;1
2021;4615Z;2
2021;4616Z;3
2021;4618Z;2
2021;4619Z;6
2021;4621Z;3
2021;4623Z;5
2021;4631Z;6
2021;4632Z;5
2021;4634A;1
2021;4634B;2
2021;4636Z;2
2021;4637Z;1
2021;4639Z;2
2021;4641Z;1
2021;4642Z;5
2021;4643Z;4
2021;4645Z;2
2021;4646Z;2
2021;4647Z;1
2021;4648Z;3
2021;4649Z;2
2021;4651Z;2
2021;4652Z;5
2021;4661Z;1
2021;4669Z;1
2021;4671Z;2
2021;4672Z;1
2021;4673Z;7
2021;4674Z;2
2021;4675Z;4
2021;4676Z;3
2021;4677Z;1
2021;4690Z;10
2021;4711Z;17
2021;4719Z;6
2021;4725Z;1
2021;4726Z;2
2021;4730Z;2
2021;4741Z;3
2021;4751Z;1
2021;4752Z;7
2021;4753Z;1
2021;4754Z;1
2021;4759Z;5
2021;4761Z;2
2021;4764Z;2
2021;4765Z;3
2021;4771Z;8
2021;4772Z;1
2021;4773Z;6
2021;4774Z;1
2021;4775Z;2
2021;4776Z;1
2021;4777Z;2
2021;4778Z;2
2021;4779Z;1
2021;4782Z;1
2021;4791Z;19
2021;4799Z;3
2021;4931Z;4
2021;4939Z;5
2021;4941Z;60
2021;5020Z;1
2021;5210B;4
2021;5221Z;2
2021;5224B;1
2021;5224C;1
2021;5229C;8
2021;5310Z;1
2021;5320Z;4
2021;5510Z;11
2021;5520Z;1
2021;5530Z;1
2021;5590Z;1
2021;5610A;40
2021;5610B;1
2021;5621Z;5
2021;5629Z;1
2021;5630Z;1
2021;5811Z;2
2021;5813Z;2
2021;5814Z;4
2021;5821Z;1
2021;5829Z;1
2021;5911Z;5
2021;5913Z;2
2021;6110Z;2
2021;6201Z;12
2021;6202Z;4
2021;6209Z;2
2021;6312Z;6
2021;6419Z;5
2021;6420Z;6
2021;6491Z;1
2021;6492Z;5
2021;6499Z;13
2021;6619Z;4
2021;6622Z;4
2021;6810Z;23
2021;6820Z;30
2021;6831Z;2
2021;6832Z;2
2021;6910Z;1
2021;6920Z;6
2021;7010Z;7
2021;7021Z;2
2021;7022Z;32
2021;7111Z;9
2021;7112Z;16
2021;7120B;2
2021;7211Z;1
2021;7219Z;5
2021;7311Z;8
2021;7312C;1
2021;7320Z;3
2021;7410Z;2
2021;7420Z;2
2021;7490Z;5
2021;7500Z;3
2021;7711Z;2
2021;7732Z;4
2021;7734Z;1
2021;7739Z;2
2021;7810Z;11
2021;7820Z;9
2021;7830Z;5
2021;7911A;1
2021;7912Z;2
2021;8010Z;4
2021;8020Z;1
2021;8030Z;1
2021;8121Z;2
2021;8129Z;2
2021;8130Z;6
2021;8211Z;6
2021;8220Z;2
2021;8230Z;7
2021;8292Z;3
2021;8299Z;2
2021;8425Z;1
2021;8520Z;1
2021;8541A;1
2021;8551Z;2
2021;8559A;2
2021;8559B;7
2021;8560Z;1
2021;8610Z;1
2021;8621Z;6
2021;8622Z;8
2021;8623Z;4
2021;8690A;2
2021;8690C;1
2021;8690E;3
2021;8730Z;1
2021;8790Z;2
2021;8810Z;4
2021;8891Z;1
2021;8899Z;1
2021;9200Z;1
2021;9311Z;2
2021;9312Z;4
2021;9313Z;2
2021;9319Z;1
2021;9321Z;1
2021;9329Z;5
2021;9499Z;4
2021;9524Z;1
2021;9602Z;3
2021;9603Z;1
2021;9604Z;2
2021;9609Z;2
2021;Zielon;1
2022;0111Z;15
2022;0113Z;3
2022;0119Z;1
2022;0124Z;2
2022;0128Z;1
2022;0129Z;1
2022;0130Z;1
2022;0141Z;3
2022;0142Z;2
2022;0143Z;1
2022;0146Z;2
2022;0147Z;2
2022;0149Z;1
2022;0150Z;44
2022;0161Z;6
2022;0162Z;2
2022;0322Z;1
2022;0729Z;1
2022;0990Z;1
2022;1011Z;4
2022;1013Z;2
2022;1032Z;1
2022;1041Z;2
2022;1052Z;2
2022;1071Z;5
2022;1073Z;1
2022;1083Z;2
2022;1084Z;1
2022;1085Z;7
2022;1092Z;1
2022;1105Z;1
2022;1107Z;1
2022;1320A;1
2022;1392Z;2
2022;1396Z;1
2022;1412Z;5
2022;1413Z;8
2022;1419Z;1
2022;1520Z;2
2022;1610Z;4
2022;1621Z;1
2022;1623Z;5
2022;1624Z;3
2022;1629Z;3
2022;1712Z;1
2022;1721Z;4
2022;1729Z;1
2022;1812Z;2
2022;1813Z;1
2022;1814Z;1
2022;2013Z;1
2022;2016Z;1
2022;2041Z;2
2022;2042Z;2
2022;2059Z;2
2022;2120Z;2
2022;2219Z;1
2022;2222Z;8
2022;2223Z;5
2022;2229Z;4
2022;2312Z;1
2022;2313Z;1
2022;2349Z;1
2022;2361Z;1
2022;2369Z;1
2022;2399Z;3
2022;2410Z;1
2022;2442B;1
2022;2444Z;1
2022;2451Z;1
2022;2511Z;17
2022;2512Z;5
2022;2521Z;1
2022;2529Z;2
2022;2561Z;1
2022;2562Z;11
2022;2593Z;1
2022;2599Z;4
2022;2611Z;1
2022;2630Z;1
2022;2652Z;1
2022;2720Z;1
2022;2740Z;1
2022;2830Z;1
2022;2841Z;1
2022;2849Z;1
2022;2892Z;1
2022;2895Z;1
2022;2920Z;2
2022;2932Z;3
2022;3011Z;3
2022;3030Z;2
2022;3092Z;1
2022;3101Z;7
2022;3102Z;4
2022;3109Z;13
2022;3212Z;2
2022;3230Z;1
2022;3250Z;4
2022;3299Z;4
2022;3311Z;3
2022;3312Z;3
2022;3314Z;1
2022;3315Z;1
2022;3320Z;4
2022;3511Z;5
2022;3600Z;2
2022;3811Z;2
2022;3821Z;1
2022;3832Z;1
2022;3900Z;1
2022;4110Z;39
2022;4120Z;54
2022;4211Z;5
2022;4212Z;1
2022;4213Z;1
2022;4221Z;3
2022;4222Z;4
2022;4291Z;1
2022;4299Z;4
2022;4311Z;1
2022;4312Z;1
2022;4321Z;26
2022;4322Z;13
2022;4329Z;1
2022;4331Z;1
2022;4333Z;1
2022;4334Z;1
2022;4339Z;7
2022;4391Z;1
2022;4399Z;4
2022;4511Z;5
2022;4520Z;16
2022;4531Z;3
2022;4532Z;2
2022;4540Z;2
2022;4613Z;2
2022;4614Z;1
2022;4615Z;1
2022;4617Z;1
2022;4618Z;1
2022;4619Z;6
2022;4621Z;2
2022;4623Z;2
2022;4631Z;8
2022;4632Z;5
2022;4633Z;3
2022;4634A;5
2022;4636Z;2
2022;4637Z;1
2022;4638Z;3
2022;4639Z;3
2022;4641Z;3
2022;4642Z;4
2022;4643Z;5
2022;4644Z;1
2022;4645Z;3
2022;4646Z;2
2022;4649Z;2
2022;4651Z;5
2022;4652Z;5
2022;4661Z;4
2022;4662Z;1
2022;4665Z;2
2022;4666Z;1
2022;4669Z;5
2022;4672Z;2
2022;4673Z;19
2022;4674Z;2
2022;4675Z;1
2022;4677Z;1
2022;4690Z;16
2022;4711Z;27
2022;4719Z;11
2022;4721Z;2
2022;4722Z;1
2022;4726Z;1
2022;4729Z;1
2022;4730Z;3
2022;4741Z;2
2022;4742Z;2
2022;4743Z;1
2022;4751Z;2
2022;4752Z;3
2022;4754Z;1
2022;4759Z;4
2022;4762Z;1
2022;4764Z;6
2022;4765Z;1
2022;4771Z;8
2022;4772Z;2
2022;4773Z;5
2022;4774Z;1
2022;4775Z;2
2022;4777Z;1
2022;4778Z;2
2022;4791Z;25
2022;4799Z;6
2022;4910Z;1
2022;4931Z;5
2022;4932Z;2
2022;4939Z;9
2022;4941Z;67
2022;5010Z;1
2022;5020Z;1
2022;5210B;3
2022;5221Z;4
2022;5222A;1
2022;5224C;2
2022;5229A;1
2022;5229C;9
2022;5320Z;3
2022;5510Z;8
2022;5520Z;3
2022;5610A;58
2022;5610B;2
2022;5621Z;10
2022;5630Z;3
2022;5814Z;2
2022;5821Z;1
2022;5829Z;1
2022;5911Z;1
2022;5913Z;2
2022;5914Z;1
2022;6110Z;4
2022;6120Z;2
2022;6201Z;33
2022;6202Z;7
2022;6203Z;2
2022;6209Z;5
2022;6311Z;1
2022;6312Z;12
2022;6419Z;5
2022;6420Z;3
2022;6492Z;3
2022;6499Z;8
2022;6611Z;1
2022;6619Z;4
2022;6622Z;5
2022;6629Z;2
2022;6630Z;2
2022;6810Z;18
2022;6820Z;28
2022;6831Z;7
2022;6832Z;3
2022;6910Z;8
2022;6920Z;12
2022;7010Z;13
2022;7021Z;1
2022;7022Z;46
2022;7111Z;10
2022;7112Z;11
2022;7120B;1
2022;7219Z;6
2022;7311Z;9
2022;7320Z;3
2022;7410Z;3
2022;7490Z;5
2022;7500Z;1
2022;7711Z;5
2022;7721Z;2
2022;7732Z;2
2022;7739Z;2
2022;7740Z;1
2022;7810Z;5
2022;7820Z;5
2022;7830Z;3
2022;7911A;1
2022;7912Z;3
2022;7990C;1
2022;8010Z;8
2022;8020Z;3
2022;8110Z;2
2022;8121Z;4
2022;8122Z;1
2022;8129Z;4
2022;8130Z;1
2022;8211Z;10
2022;8219Z;1
2022;8220Z;5
2022;8230Z;1
2022;8291Z;1
2022;8292Z;2
2022;8299Z;2
2022;8510Z;3
2022;8520Z;1
2022;8532A;1
2022;8541A;1
2022;8541Z;1
2022;8551Z;1
2022;8559A;2
2022;8559B;4
2022;8560Z;4
2022;8610Z;7
2022;8621Z;4
2022;8622Z;10
2022;8623Z;9
2022;8690A;1
2022;8690B;3
2022;8690C;4
2022;8690D;1
2022;8690E;1
2022;8730Z;1
2022;8810Z;2
2022;8891Z;4
2022;9001Z;1
2022;9002Z;1
2022;9103Z;1
2022;9311Z;3
2022;9312Z;2
2022;9313Z;5
2022;9321Z;1
2022;9329Z;4
2022;9499Z;9
2022;9511Z;3
2022;9522Z;1
2022;9601Z;2
2022;9602Z;12
2022;9604Z;3
2022;9609Z;1
2023;0111Z;17
2023;0113Z;5
2023;0125Z;1
2023;0129Z;2
2023;0141Z;6
2023;0142Z;1
2023;0147Z;4
2023;0150Z;44
2023;0161Z;6
2023;0162Z;3
2023;0163Z;1
2023;0210Z;1
2023;0220Z;3
2023;0812Z;1
2023;0990Z;1
2023;1011Z;4
2023;1012Z;1
2023;1013Z;1
2023;1032Z;1
2023;1039Z;5
2023;1041Z;1
2023;1051Z;1
2023;1052Z;1
2023;1061Z;1
2023;1071Z;9
2023;1073Z;2
2023;1082Z;1
2023;1084Z;1
2023;1085Z;3
2023;1089Z;4
2023;1101Z;1
2023;1107Z;1
2023;1310C;1
2023;1330Z;1
2023;1392Z;3
2023;1393Z;1
2023;1399Z;1
2023;1413Z;3
2023;1419Z;3
2023;1512Z;1
2023;1520Z;5
2023;1610Z;6
2023;1622Z;1
2023;1623Z;7
2023;1629Z;4
2023;1721Z;3
2023;1729Z;2
2023;1812Z;4
2023;1813Z;1
2023;1814Z;1
2023;1920Z;1
2023;2011Z;1
2023;2014Z;1
2023;2016Z;1
2023;2030Z;1
2023;2041Z;3
2023;2042Z;1
2023;2059Z;1
2023;2120Z;1
2023;2221Z;2
2023;2222Z;2
2023;2229Z;5
2023;2311Z;1
2023;2312Z;1
2023;2361Z;5
2023;2369Z;1
2023;2399Z;2
2023;2420Z;1
2023;2433Z;2
2023;2442B;1
2023;2511Z;20
2023;2512Z;4
2023;2529Z;1
2023;2550Z;4
2023;2561Z;7
2023;2562Z;16
2023;2591Z;1
2023;2599Z;2
2023;2611Z;3
2023;2651Z;3
2023;2711Z;2
2023;2712Z;1
2023;2733Z;1
2023;2740Z;1
2023;2811Z;1
2023;2813Z;1
2023;2829Z;2
2023;2830Z;2
2023;2841Z;1
2023;2849Z;1
2023;2899Z;5
2023;2931Z;2
2023;3011Z;2
2023;3012Z;2
2023;3092Z;1
2023;3099Z;1
2023;3101Z;9
2023;3102Z;4
2023;3103Z;1
2023;3109Z;10
2023;3212Z;1
2023;3240Z;2
2023;3250Z;3
2023;3299Z;1
2023;3312Z;7
2023;3313Z;1
2023;3314Z;4
2023;3315Z;3
2023;3317Z;2
2023;3320Z;6
2023;3511Z;1
2023;3514Z;7
2023;3811Z;5
2023;3821Z;2
2023;3832Z;2
2023;4110Z;51
2023;4120Z;55
2023;4211Z;4
2023;4212Z;4
2023;4221Z;3
2023;4222Z;2
2023;4299Z;3
2023;4311Z;2
2023;4312Z;3
2023;4313Z;1
2023;4321Z;37
2023;4322Z;31
2023;4329Z;1
2023;4331Z;7
2023;4332Z;6
2023;4333Z;12
2023;4334Z;4
2023;4339Z;11
2023;4391Z;7
2023;4399Z;12
2023;4511Z;14
2023;4519Z;7
2023;4520Z;20
2023;4531Z;4
2023;4532Z;5
2023;4540Z;1
2023;4612Z;1
2023;4613Z;1
2023;4614Z;3
2023;4615Z;2
2023;4617Z;1
2023;4618Z;4
2023;4619Z;8
2023;4621Z;5
2023;4622Z;2
2023;4623Z;3
2023;4631Z;16
2023;4632Z;4
2023;4633Z;2
2023;4634A;2
2023;4634B;1
2023;4636Z;3
2023;4637Z;1
2023;4638Z;2
2023;4639Z;2
2023;4641Z;2
2023;4642Z;7
2023;4643Z;7
2023;4644Z;2
2023;4645Z;3
2023;4646Z;2
2023;4647Z;3
2023;4649Z;2
2023;4651Z;4
2023;4652Z;1
2023;4661Z;2
2023;4669Z;7
2023;4671Z;3
2023;4672Z;1
2023;4673Z;17
2023;4674Z;2
2023;4675Z;5
2023;4676Z;1
2023;4677Z;2
2023;4690Z;28
2023;4711Z;20
2023;4719Z;11
2023;4722Z;2
2023;4724Z;1
2023;4725Z;2
2023;4726Z;2
2023;4729Z;3
2023;4730Z;1
2023;4741Z;3
2023;4742Z;1
2023;4743Z;1
2023;4752Z;7
2023;4754Z;1
2023;4759Z;12
2023;4761Z;2
2023;4764Z;5
2023;4765Z;1
2023;4771Z;17
2023;4772Z;5
2023;4773Z;5
2023;4774Z;1
2023;4775Z;1
2023;4776Z;5
2023;4778Z;3
2023;4779Z;1
2023;4781Z;3
2023;4789Z;2
2023;4791Z;44
2023;4799Z;11
2023;4931Z;2
2023;4932Z;4
2023;4939Z;10
2023;4941Z;133
2023;5210B;1
2023;5221Z;3
2023;5224A;3
2023;5224C;1
2023;5229C;14
2023;5320Z;11
2023;5510Z;10
2023;5520Z;7
2023;5610A;66
2023;5621Z;3
2023;5629Z;1
2023;5811Z;1
2023;5813Z;1
2023;5819Z;2
2023;5821Z;5
2023;5829Z;1
2023;5911Z;2
2023;5912Z;1
2023;6020Z;1
2023;6110Z;5
2023;6120Z;4
2023;6201Z;34
2023;6202Z;3
2023;6203Z;4
2023;6209Z;7
2023;6311Z;3
2023;6312Z;9
2023;6399Z;2
2023;6419Z;1
2023;6420Z;1
2023;6430Z;2
2023;6491Z;3
2023;6492Z;3
2023;6499Z;7
2023;6612Z;1
2023;6619Z;8
2023;6622Z;7
2023;6810Z;17
2023;6820Z;33
2023;6831Z;7
2023;6832Z;4
2023;6910Z;5
2023;6920Z;21
2023;7010Z;16
2023;7021Z;1
2023;7022Z;35
2023;7111Z;7
2023;7112Z;26
2023;7120A;1
2023;7120B;4
2023;7211Z;1
2023;7219Z;7
2023;7311Z;24
2023;7312B;1
2023;7320Z;1
2023;7410Z;15
2023;7490Z;5
2023;7500Z;4
2023;7711Z;1
2023;7721Z;1
2023;7732Z;3
2023;7739Z;1
2023;7740Z;1
2023;7810Z;10
2023;7820Z;13
2023;7830Z;6
2023;7911A;1
2023;7990C;1
2023;8010Z;5
2023;8020Z;2
2023;8110Z;5
2023;8121Z;7
2023;8122Z;4
2023;8129Z;1
2023;8130Z;5
2023;8211Z;4
2023;8220Z;3
2023;8230Z;3
2023;8291Z;4
2023;8292Z;3
2023;8299Z;1
2023;8510Z;5
2023;8520Z;1
2023;8541A;1
2023;8551Z;1
2023;8553Z;2
2023;8559A;1
2023;8559B;13
2023;8560Z;2
2023;8610Z;3
2023;8621Z;6
2023;8622Z;12
2023;8623Z;9
2023;8690A;4
2023;8690B;1
2023;8690C;4
2023;8690D;3
2023;8690E;10
2023;8710Z;1
2023;8730Z;1
2023;8891Z;5
2023;8899Z;1
2023;9001Z;5
2023;9002Z;3
2023;9003Z;1
2023;9200Z;1
2023;9311Z;5
2023;9312Z;2
2023;9319Z;1
2023;9329B;1
2023;9329Z;3
2023;9412Z;1
2023;9499Z;10
2023;9511Z;1
2023;9512Z;1
2023;9524Z;1
2023;9529Z;1
2023;9601Z;2
2023;9602Z;10
2023;9603Z;2
2023;9604Z;5
2023;9609Z;1
2024;0111Z;18
2024;0113Z;4
2024;0124Z;5
2024;0128Z;1
2024;0130Z;2
2024;0141Z;4
2024;0146Z;1
2024;0147Z;2
2024;0150Z;36
2024;0161Z;7
2024;0220Z;1
2024;0240Z;6
2024;0812Z;2
2024;1011Z;5
2024;1012Z;2
2024;1013Z;4
2024;1020Z;2
2024;1032Z;1
2024;1039Z;6
2024;1041Z;1
2024;1051Z;1
2024;1061Z;2
2024;1071Z;7
2024;1082Z;1
2024;1085Z;4
2024;1086Z;1
2024;1089Z;3
2024;1091Z;2
2024;1107Z;3
2024;1320A;1
2024;1392Z;3
2024;1394Z;1
2024;1395Z;1
2024;1399Z;1
2024;1411Z;2
2024;1412Z;1
2024;1413Z;12
2024;1414Z;1
2024;1520Z;2
2024;1610Z;3
2024;1622Z;1
2024;1623Z;10
2024;1624Z;1
2024;1629Z;3
2024;1712Z;1
2024;1721Z;4
2024;1723Z;1
2024;1729Z;1
2024;1812Z;8
2024;1813Z;1
2024;2012Z;1
2024;2014Z;1
2024;2015Z;1
2024;2016Z;1
2024;2041Z;1
2024;2042Z;1
2024;2053Z;1
2024;2059Z;3
2024;2120Z;2
2024;2221Z;1
2024;2222Z;5
2024;2229Z;6
2024;2311Z;1
2024;2331Z;1
2024;2332Z;1
2024;2341Z;1
2024;2361Z;1
2024;2369Z;1
2024;2370Z;1
2024;2399Z;1
2024;2442B;1
2024;2453Z;1
2024;2454B;1
2024;2511Z;21
2024;2512Z;9
2024;2530Z;1
2024;2550Z;1
2024;2561Z;5
2024;2562Z;12
2024;2573Z;1
2024;2591Z;1
2024;2599Z;4
2024;2640Z;1
2024;2651Z;2
2024;2670Z;1
2024;2712Z;4
2024;2790Z;1
2024;2825Z;1
2024;2829Z;4
2024;2830Z;1
2024;2849Z;2
2024;2893Z;2
2024;2896Z;1
2024;2899Z;3
2024;2932Z;2
2024;3012Z;1
2024;3030Z;1
2024;3092Z;2
2024;3101Z;9
2024;3102Z;4
2024;3109Z;8
2024;3212Z;1
2024;3250Z;2
2024;3311Z;2
2024;3312Z;7
2024;3314Z;3
2024;3315Z;1
2024;3317Z;1
2024;3320Z;5
2024;3511Z;8
2024;3514Z;2
2024;3811Z;2
2024;3821Z;1
2024;3832Z;4
2024;3900Z;1
2024;4110Z;47
2024;4120Z;56
2024;4211Z;10
2024;4212Z;1
2024;4221Z;2
2024;4222Z;5
2024;4291Z;2
2024;4299Z;2
2024;4311Z;4
2024;4312Z;1
2024;4313Z;2
2024;4321Z;40
2024;4322Z;34
2024;4329Z;6
2024;4331Z;3
2024;4332Z;9
2024;4333Z;4
2024;4339Z;19
2024;4391Z;5
2024;4399Z;8
2024;4511Z;15
2024;4519Z;1
2024;4520Z;20
2024;4531Z;6
2024;4532Z;5
2024;4611Z;2
2024;4612Z;2
2024;4613Z;3
2024;4615Z;1
2024;4616Z;12
2024;4618Z;3
2024;4619Z;11
2024;4621Z;5
2024;4623Z;3
2024;4631Z;3
2024;4632Z;2
2024;4633Z;1
2024;4634A;4
2024;4634B;1
2024;4635Z;1
2024;4636Z;2
2024;4638Z;1
2024;4641Z;5
2024;4642Z;5
2024;4643Z;3
2024;4644Z;1
2024;4645Z;1
2024;4646Z;1
2024;4647Z;3
2024;4648Z;1
2024;4649Z;3
2024;4651Z;3
2024;4652Z;4
2024;4661Z;2
2024;4662Z;2
2024;4666Z;1
2024;4669Z;6
2024;4671Z;2
2024;4672Z;7
2024;4673Z;22
2024;4674Z;6
2024;4675Z;5
2024;4676Z;2
2024;4677Z;2
2024;4690Z;17
2024;4711Z;41
2024;4719Z;10
2024;4722Z;3
2024;4725Z;2
2024;4726Z;4
2024;4729Z;1
2024;4741Z;4
2024;4742Z;1
2024;4752Z;4
2024;4759Z;7
2024;4762Z;2
2024;4764Z;2
2024;4765Z;2
2024;4771Z;19
2024;4772Z;2
2024;4773Z;2
2024;4774Z;1
2024;4775Z;3
2024;4776Z;4
2024;4778Z;3
2024;4779Z;1
2024;4791Z;51
2024;4799Z;1
2024;4920Z;1
2024;4932Z;4
2024;4939Z;2
2024;4941Z;149
2024;4942Z;1
2024;5020Z;2
2024;5210B;5
2024;5221Z;5
2024;5229C;9
2024;5320Z;9
2024;5510Z;9
2024;5520Z;6
2024;5530Z;1
2024;5610A;68
2024;5610B;2
2024;5621Z;7
2024;5629Z;2
2024;5630Z;3
2024;5811Z;2
2024;5819Z;2
2024;5821Z;4
2024;5829Z;3
2024;5911Z;3
2024;5912Z;2
2024;5920Z;1
2024;6110Z;5
2024;6120Z;1
2024;6201Z;31
2024;6202Z;7
2024;6203Z;1
2024;6209Z;3
2024;6311Z;4
2024;6312Z;11
2024;6419Z;4
2024;6420Z;7
2024;6491Z;1
2024;6492Z;5
2024;6499Z;9
2024;6611Z;1
2024;6612Z;1
2024;6619Z;2
2024;6622Z;8
2024;6810Z;19
2024;6820Z;26
2024;6831Z;5
2024;6832Z;3
2024;6910Z;7
2024;6920Z;19
2024;7010Z;16
2024;7021Z;1
2024;7022Z;37
2024;7111Z;8
2024;7112Z;16
2024;7120A;1
2024;7120B;2
2024;7211Z;3
2024;7219Z;6
2024;7311Z;15
2024;7320Z;3
2024;7410Z;12
2024;7420Z;1
2024;7430Z;1
2024;7490Z;7
2024;7711Z;16
2024;7712Z;2
2024;7732Z;5
2024;7739Z;1
2024;7740Z;1
2024;7810Z;8
2024;7820Z;11
2024;7830Z;9
2024;7911A;1
2024;7912Z;3
2024;7990C;1
2024;8010Z;41
2024;8030Z;1
2024;8110Z;1
2024;8121Z;9
2024;8122Z;3
2024;8129Z;3
2024;8130Z;4
2024;8211Z;7
2024;8220Z;4
2024;8230Z;4
2024;8291Z;3
2024;8292Z;3
2024;8299Z;4
2024;8510Z;3
2024;8531B;1
2024;8551Z;5
2024;8552Z;1
2024;8553Z;1
2024;8559A;4
2024;8559B;10
2024;8560Z;1
2024;8610Z;1
2024;8621Z;1
2024;8622Z;7
2024;8623Z;4
2024;8690A;2
2024;8690B;2
2024;8690C;1
2024;8690E;7
2024;8720Z;1
2024;8730Z;1
2024;8790Z;1
2024;8891Z;7
2024;9001Z;3
2024;9002Z;6
2024;9003Z;2
2024;9103Z;1
2024;9311Z;2
2024;9312Z;4
2024;9313Z;1
2024;9319Z;2
2024;9321Z;1
2024;9329B;3
2024;9329Z;1
2024;9499Z;12
2024;9511Z;2
2024;9512Z;1
2024;9601Z;1
2024;9602Z;12
2024;9603Z;1
2024;9604Z;1
2024;9609Z;2